ID,所在地
1,徳島市北島田町3丁目57
2,徳島市応神町吉成字西吉成142-2
3,徳島市不動東町4丁目1532-1
4,徳島市鮎喰1丁目226-1
5,徳島市国府町日開944-1
6,徳島市国府町芝原字神楽免43-1
7,徳島市一宮町西丁1000-2
8,徳島市上八万町樋口61
9,徳島市大原町中須16-19
10,徳島市北沖洲3丁目-4-7
11,徳島市八万町内浜80-14
12,徳島市北田宮4丁目6-60
13,徳島市福島2丁目4-24
14,徳島市津田町4丁目5-55
15,徳島市弓町1丁目17
16,徳島市佐古4番町7-1
17,徳島市多家良町小路地10番地
18,徳島市幸町3丁目71番地の1
19,徳島市住吉4丁目4番25号
20,鳴門市大麻町三俣字前野22-1
21,小松島市中郷町字加藤80-1
22,小松島市中郷町桜馬場103-1
23,小松島市坂野町字目左88-1
24,阿南市那賀川町黒地658-1
25,阿南市羽ノ浦町古圧中相3-1
26,阿南市羽ノ浦町春日野1-110
27,阿南市羽ノ浦町岩脇宮ノ下112
28,吉野川市鴨島町知恵島1208-1
29,吉野川市鴨島町飯尾550-76
30,吉野川市川島町大字学字近久157-2
31,吉野川市山川町字安楽寺165
32,阿波市市場町山野上字立石48
33,阿波市市場町市場字上野段426-1
34,阿波市市場町大俣字行峰258-1
35,美馬市美馬町字養泉11
36,美馬市美馬町字境目110-7
37,海部郡美波町奥河内字井ノ上22-3
38,板野郡松茂町広島字三番越2-10
39,板野郡松茂町笹木野字八北開拓224
40,板野郡松茂町長原525-1
41,板野郡松茂町笹木野字山上77-1
42,板野郡松茂町中喜来字前原西一番越7
43,板野郡北島町北村字壱町四反地18-1
44,板野郡北島町江尻字宮ノ本41-3
45,板野郡北島町中村字長池28
46,板野郡北島町中村字本須76-7
47,板野郡北島町高房字勝端境95-10
48,板野郡藍住町矢上字江ノ口80-1
49,板野郡藍住町矢上北分17-1
50,板野郡藍住町富吉字大向5-1
51,板野郡藍住町勝瑞字成長70-5
52,板野郡藍住町東中富字西傍示33-2
53,板野郡藍住町徳命字中ノ丁152-2
54,板野郡藍住町奥野宇原27-1
55,板野郡藍住町住吉字神蔵78
56,板野郡板野町大寺字亀山西一番地
57,板野郡板野町下圧字文開1-1
58,板野郡板野町那東字福道21-1
59,三好郡東みよし町西庄字光吉1
60,三好郡東みよし町加茂2638
61,徳島市新蔵町2-24
62,徳島市南常三島町1-1
63,徳島市蔵本町3-18-15
64,徳島市蔵本町3-18-15
65,徳島市庄町1-78-1
66,徳島市南常三島町2-1
67,徳島市蔵本町2-50-1
68,鳴門市鳴門町高島字中島748
69,三好市池田町州津藤ノ井492-1
70,阿南市見能林町青木265
71,吉野川市鴨島町敷地1354
72,板野郡板野町大寺字大向北1-1
73,鳴門市撫養町黒崎字小谷32
74,徳島市沖浜東2-16
75,美馬市脇町新町196
76,三好市山城町西宇1259-1
77,三好郡東みよし町東山字増川264-2
78,徳島市八万町向寺山　文化の森総合公園内
79,徳島市元町1-24　アミコビル内
80,鳴門市撫養町大桑島字蛭子山49
81,小松島市小松島町字新港29-11
82,阿南市領家町本荘ヶ内121
83,阿南市那賀川町苅屋308-1
84,阿南市羽ノ浦町中庄上ナカレ16-3
85,吉野川市川島町?繿ｺ883-1
86,吉野川市山川町北島19-7
87,阿波市吉野町西条字大内13
88,阿波市土成町土成字漆畑220
89,阿波市市場町市場字上野段212-2
90,阿波市阿波町東原167-1
91,美馬市脇町大字脇町154-1
92,三好市池田町マチ2183　サンライズビル4階
93,三好市井川町岡野前64
94,勝浦郡勝浦町大字久国字久保田2-1
95,名東郡佐那河内村下字中辺71-1
96,那賀郡那賀町木頭和無田字マツギ40
97,海部郡牟岐町大字川長字新光寺82
98,海部郡美波町奥河内字弁才天5-1
99,海部郡海陽町四方原字旭町38-1
100,海部郡海陽町宍喰浦字宍喰375
101,板野郡松茂町広島字四番越6-1
102,板野郡北島町新喜来字南古田91
103,板野郡藍住町奥野字猪熊175-2
104,板野郡板野町犬伏東谷13-1
105,三好郡東みよし町西庄字横手51
106,徳島市八万町向寺山　文化の森総合公園内
107,徳島市八万町向寺山　文化の森総合公園内
108,徳島市八万町向寺山　文化の森総合公園内
109,徳島市八万町向寺山　文化の森総合公園内
110,徳島市中前川町2-22-1
111,徳島市川内町宮島本浦184
112,徳島市徳島町城内1-8
113,徳島市国府町西矢野字奥谷10-1
114,徳島市渋野町入道22-1
115,徳島市渋野町入道45-1
116,鳴門市鳴門町土佐泊浦字福池65-1
117,鳴門市鳴門町土佐泊浦字福池65
118,鳴門市大麻町桧字東山田55-2
119,鳴門市大麻町桧字東山田50-2
120,鳴門市大麻町桧字野神ノ北22-1
121,鳴門市撫養町林崎字北殿町149
122,阿南市橘町土井崎115-16
123,阿南市富岡町トノ町24-3
124,阿南市福井町舟端1
125,阿南市那賀川町上福井南川渕8-1
126,阿南市那賀川町古津339-1
127,吉野川市川島町川島136-1
128,吉野川市山川町川東141
129,吉野川市美郷字宗田82-1
130,阿波市土成町土成字丸山46-1
131,阿波市市場町市場字上野段212-2
132,美馬市脇町大字脇町92
133,美馬市脇町大字脇町53
134,美馬市美馬町字願勝寺8
135,美馬市木屋平字太合カケ445-1
136,美馬市木屋平字貢142-2
137,三好市池田町マチ2465-1
138,三好市山城町上名1553-1
139,三好市井川町岡野前64
140,三好市東祖谷京上14-3
141,三好市東祖谷大枝43
142,三好市西祖谷山村東西岡46
143,名東郡佐那河内村上字大川原5-8
144,那賀郡那賀町横石字大板34
145,海部郡牟岐町大字灘字下浜辺198-1
146,海部郡美波町西の地字東地74-3
147,海部郡美波町日和佐浦370-4
148,海部郡海陽町四方原字杉谷73
149,板野郡松茂町広島字四番越11-1
150,板野郡藍住町徳命字前須西172
151,板野郡板野町犬伏字平山86-2
152,板野郡板野町犬伏字平山4-6-1
153,板野郡板野町那東字キビガ谷45-22
154,板野郡上板町泉谷字原東32-4
155,板野郡上板町泉谷字原中筋8-1
156,美馬郡つるぎ町貞光字西浦37
157,美馬郡つるぎ町貞光字町83-2
158,三好郡東みよし町中庄1189
159,徳島市山城町東浜傍示1
160,徳島市藍場町2-14
161,徳島市徳島町城内2-1
162,徳島市八万町向寺山　文化の森総合公園内
163,徳島市徳島町城内1
164,徳島市新町橋2-20
165,鳴門市撫養町南浜字東浜24-7
166,小松島市松島町5-6
167,小松島市小松島町字新港9-10
168,阿南市富岡町北通9
169,阿南市富岡町北通33-1
170,阿南市富岡町西池田135-1
171,阿南市富岡町今福寺34-4
172,阿南市羽ノ浦町中庄上ナカレ16-3
173,吉野川市鴨島町鴨島696-14
174,吉野川市山川町翁喜台95-1
175,吉野川市美郷字中筋194-1
176,美馬市脇町大字猪尻字西分140-1
177,海部郡牟岐町大字川長字新光寺82
178,海部郡美波町奥河内字本村22-1
179,海部郡美波町奥河内字井ノ上22-3
180,海部郡海陽町四方原字杉谷73
181,板野郡松茂町広島字東裏30
182,板野郡北島町新喜来字南古田91
183,板野郡北島町中村字川田9-1
184,板野郡藍住町奥野字矢上前32-1
185,板野郡藍住町奥野字矢上前52-
186,徳島市庄町1-76-2
187,徳島市南田宮2-116-2
188,徳島市川内町沖島571-2
189,徳島市徳島町城内6
190,徳島市論田町中開47-2
191,徳島市徳島町城内6
192,徳島市入田町安都真220
193,徳島市大原町大神子7-1
194,鳴門市撫養町立岩字四枚61
195,鳴門市撫養町斎田字大池76
196,鳴門市撫養町大桑島字濘岩浜35-8
197,鳴門市撫養町南浜字東浜170
198,鳴門市大津町備前島字松の本219
199,鳴門市鳴門町高島字北679
200,小松島市立江町字赤石74-2
201,小松島市中田町字脇谷
202,小松島市和田島町松田新田165-20
203,小松島市立江町字赤石74-6
204,阿南市橘町土井崎34
205,阿南市横見町長岡後2番1地先
206,阿南市津乃峰町長浜387
207,阿南市七見町下川田100-1
208,阿南市七見町下川田100-1
209,阿南市那賀川町苅屋354-1
210,阿南市羽ノ浦町宮倉沢田100
211,阿南市羽ノ浦町宮倉沢田132
212,阿南市羽ノ浦町宮倉沢田73-3
213,阿南市大潟町210-56
214,阿南市中大野町南傍示658-8
215,阿南市桑野町桑野谷34-1
216,阿南市橘町中浦
217,吉野川市鴨島町鴨島甲１
218,吉野川市鴨島町牛島番外3-1
219,吉野川市川島町?繿ｺ2424-1
220,吉野川市山川町大塚152
221,吉野川市山川町恵下45-1
222,吉野川市山川町前川263-1
223,阿波市土成町土成字北原1
224,阿波市土成町土成字漆畑177-1･177-2
225,阿波市阿波町丸山22
226,阿波市阿波町丸山24-1
227,阿波市阿波町桜ノ岡
228,美馬市脇町新町196
229,美馬市美馬町字虎杖佐古35-1
230,美馬市美馬町三頭山
231,美馬市穴吹町穴吹字藪ノ下5
232,美馬市脇町字東大谷18
233,三好市三野町芝生1342-3
234,三好市三野町芝生1293-30
235,三好市池田町マチ2551-1
236,三好市山城町相川415
237,三好市井川町西井川1919-1
238,三好市池田町イタノ3184
239,三好市池田町州津藤の井386-5
240,三好市池田町イタノ3300-1
241,三好市池田町中西ナガウチ290-6
242,三好市池田町西山枇杷木谷4324-11
243,三好市山城町平野205
244,勝浦町星谷字石田19-1
245,勝浦町三渓字東婆羅尾114
246,名東郡佐那河内村下字南浦
247,名西郡石井町石井字城ノ内
248,名西郡石井町石井字城ノ内923
249,名西郡石井町高川原字高川原2115-3
250,名西郡神山町神領字大埜地
251,那賀郡那賀町和食郷字田野89
252,那賀郡那賀町百合字松の木170
253,那賀郡那賀町百合字松の木178
254,海部郡牟岐町内妻字白木
255,海部郡牟岐町川長字大坪100-2
256,海部郡美波町田井字小野52
257,海部郡美波町奥河内字櫛ヶ谷263-1
258,海部郡海陽町浅川
259,海部郡海陽町浅川字西福良43
260,海部郡海陽町奥浦字鹿ヶ谷
261,海部郡海陽町宍喰浦字竹ヶ島28-45
262,海部郡海陽町宍喰浦字竹ヶ島28-45
263,板野郡松茂町中喜来字群恵225-3
264,板野郡松茂町中喜来字群恵312-5
265,板野郡北島町中村字日開野51-5
266,板野郡北島町中村字中内11-1
267,板野郡北島町太郎八須字五反地10-1
268,板野郡北島町江尻字柳池4-1
269,板野郡藍住町奥野字矢上前32-1
270,板野郡藍住町奥野字矢上前18-1
271,板野郡藍住町矢上字原230-1
272,板野郡吉野川河川敷(名田橋下流左岸)
273,板野郡吉野川河川敷(名田橋下流左岸)
274,板野郡板野町犬伏字大柳1
275,板野町吹田字間谷14-1
276,板野郡上板町七條字天王7
277,美馬郡つるぎ町半田字田井202
278,美馬郡つるぎ町貞光字大須賀(吉野川河川敷)
279,美馬郡つるぎ町貞光字大須賀15-1
280,三好郡東みよし町足代3936-1
281,三好郡東みよし町昼間1734
282,三好郡東みよし町西庄字横手1
283,三好郡東みよし町西庄字横手5-2
284,三好郡東みよし町西庄字横手9-2
285,三好郡東みよし町加茂6743
286,三好郡東みよし町東山字滝久保319
287,徳島市幸町2-5
288,鳴門市撫養町南浜字東浜170
289,小松島市横須町1-1
290,阿南市富岡町トノ町12-3
291,吉野川市鴨島町鴨島115-1
292,阿波市阿波町東原173
293,美馬市穴吹町穴吹字九反地5
294,三好市池田町シンマチ1500-2
295,勝浦町大字久国字久保田3
296,上勝町大字福原字下横峯3-1
297,佐那河内村下字中辺71-1
298,石井町高川原字高川原121-1
299,神山町神領字本野間100
300,那賀町和食郷字南川104-1
301,牟岐町大字中村字本村7-4
302,美波町奥河内字本村18-1
303,海陽町大里字上中須128
304,松茂町広島字東裏30
305,北島町中村字上地23-1
306,藍住町奥野字矢上前52-1
307,板野町吹田字町南22-2
308,上板町七條字経塚42
309,つるぎ町貞光字東浦1-3
310,東みよし町加茂3360
672,阿南市那賀川町今津浦喜来６５番地１
673,阿南市那賀川町苅屋３７０番地５
674,美馬市脇町字拝原７００番地１
675,阿南市橘町久保３８−３
676,三好市池田町東祖谷下瀬２０２番地３
677,徳島県海部郡牟岐町大字川長字市宇谷２−１
678,徳島市津田町4丁目4-7
679,徳島市津田本町四丁目3番31号
680,徳島市新浜町二丁目1番2号
681,徳島市福島一丁目6番24号
682,徳島市福島一丁目6番62号
683,徳島市福島二丁目4番24号
684,徳島市北佐古二番町2番18号
685,徳島市南佐古三番町5番11号
686,徳島市八万町下福万17番地
687,徳島市八万町中津浦24番地の68
688,徳島市八万町大坪287番地の7
689,徳島市八万町法花181番地
690,徳島市八万町新貝93-1
691,徳島市南二軒屋1丁目1番11号
692,徳島市庄町5丁目136番地
693,徳島市北田宮二丁目2番58号
694,徳島市丈六町休場6番地の6
695,徳島市渋野町宮前140番地の4
696,徳島市北山町神脇46番地の1
697,徳島市徳島町2丁目18番地
698,徳島市かちどき橋2丁目34番地
699,徳島市伊賀町1丁目6番地の10
700,徳島市伊賀町1丁目6番地の9
701,徳島市中昭和町4丁目80番地
702,徳島市南昭和町4-32-2
703,徳島市南昭和町7丁目9番地の15
704,徳島市南沖洲三丁目10番45号
705,徳島市飯谷町東分18番地の1
706,徳島市八多町南曽根13番地の1
707,徳島市名東町3丁目398番地の2
708,徳島市大松町上野神9番地
709,徳島市多家良町池谷161番地の3
710,徳島市一宮町西丁1021番地の3
711,徳島市不動本町2丁目145番地の1
712,徳島市国府町早渕池久保10番地
713,徳島市国府町西黒田字南傍示275番地の3
714,徳島市国府町日開中1021番地の6
715,徳島市国府町芝原神楽免159番地の2
716,徳島市中島田町3丁目18番地
717,徳島市北島田町3丁目62番地の1
718,徳島市応神町吉成字西吉成143番地
719,徳島市上八万町下中筋286番地の1
720,徳島市上八万町下中筋327番地の2
721,徳島市中前川町4丁目11番地
722,徳島市中吉野町1丁目65番地
723,徳島市中吉野町2丁目1番地
724,徳島市住吉一丁目8番34号
725,徳島市住吉二丁目7番44号
726,徳島市北出来島町1丁目32番地
727,徳島市北矢三町二丁目7番56号
728,徳島市南前川町3丁目1番地の18
729,徳島市名東町1丁目107番地の2
730,徳島市大原町野神38番地の1
731,徳島市大原町中須51番地の1
732,徳島市大原町中須63番地の6
733,徳島市川内町榎瀬707番地の1
734,徳島市川内町下別宮西38番地の2
735,徳島市川内町大松68番地の1
736,徳島市川内町鶴島4-1
737,徳島市新蔵町3丁目34-2
738,徳島市春日三丁目5番35号
739,徳島市蔵本元町2丁目62番地
740,徳島市寺島本町西2丁目35-9
741,徳島市北沖洲3丁目8-72
742,徳島市沖浜町北川726-3
743,鳴門市撫養町林崎字南殿町77-5
744,鳴門市撫養町斎田字岩崎120M
745,鳴門市撫養町南浜字蛭子前西92-1
746,鳴門市撫養町大桑島字蛭子山134
747,鳴門市撫養町弁財天字派名26-9
748,鳴門市撫養町斎田字西発88-1
749,鳴門市撫養町斎田字岩崎144
750,鳴門市撫養町立岩字芥原46-12
751,鳴門市大麻町市場字小桑木54
752,鳴門市大麻町板東字東山田83-2
753,鳴門市大麻町板東塚鼻26
754,鳴門市大麻町大谷字井利の肩29
755,鳴門市北灘町粟田字東傍示278
756,鳴門市大津町大幸字塩田27-1
757,鳴門市大津町矢倉字参の越35
758,鳴門市大津町矢倉字弐の越34-2
759,鳴門市瀬戸町堂浦字地廻り参214-1
760,鳴門市瀬戸町明神字丸山83-16
761,鳴門市里浦町里浦字坂田217-4
762,鳴門市鳴門町高島字南433-2
763,小松島市中田町字新開2-8
764,小松島市中郷町字西久保4-1
765,小松島市立江町字鍋寺109-4
766,小松島市坂野町字根上り13-1
767,小松島市坂野町字目佐101
768,小松島市和田島町字明神北130
769,小松島市和田島町西林66-1
770,小松島市中郷町字加藤18-1
771,小松島市横須町11-7
772,小松島市田浦町子安73
773,小松島市芝生町字赤石169-4
774,小松島市大林町字鎌須38,40-5
775,阿南市富岡町トノ町96-1
776,阿南市富岡町寿通り108
777,阿南市宝田町久保田97-1
778,阿南市宝田町荒井161-2
779,阿南市長生町五反地18
780,阿南市長生町平久保60
781,阿南市桑野町中野202
782,阿南市山口町末広12-1
783,阿南市津乃峰町長浜387
784,阿南市上中町中原353-2
785,阿南市柳島町八剣74
786,阿南市橘町久保38-3
787,阿南市福井町高田117-3
788,阿南市横見町長岡東50-1
789,阿南市新野町片山54
790,阿南市椿町高岸64-1
791,阿南市下大野町小野74-1
792,阿南市住吉町北久保56
793,阿南市見能林町東野12-2
794,阿南市見能林町堤ノ内5-1
795,阿南市見能林町花谷56-2
796,阿南市那賀川町大字今津浦字喜来65-1
797,阿南市那賀川町苅屋370-5
798,阿南市那賀川町原261
799,阿南市羽ノ浦町中庄なかれ24-1
800,阿南市羽ノ浦町岩脇姥ｹ原81-1
801,阿南市羽ノ浦町明見295-1
802,阿南市羽ノ浦町春日野1-85
803,阿南市羽ノ浦町宮倉羽ノ浦居内48-1
804,勝浦郡勝浦町大字中角字豊田29-4
805,勝浦郡勝浦町大字三渓字上川原28-1
806,勝浦郡上勝町大字正木字平間179
807,名東郡佐那河内村下字中川原13-1
808,名西郡石井町石井字石井633-5
809,名西郡石井町高原字中島465
810,名西郡石井町高川原字高川原202-1
811,名西郡石井町浦庄字国実115-1
812,名西郡石井町石井字石井556-5
813,名西郡石井町高川原字高川原1029-2
814,名西郡石井町高川原字高川原313-9
815,名西郡神山町下分字西寺16-1
816,名西郡神山町阿野字広野154-1
817,那賀郡那賀町和食郷八幡原1
818,那賀郡那賀町延野字王子原89-1
819,那賀郡那賀町木頭大字和無田字ﾖｼﾉ37-1
820,那賀郡那賀町大殿字中北14
821,海部郡美波町西ノ地字西地50
822,海部郡美波町木岐字喜多地952,953
823,海部郡美波町阿部212番地の2
824,海部郡美波町奥河内字弁才天7-9
825,海部郡美波町赤松字野田138
826,海部郡牟岐町大字中村字本村46-2
827,海部郡海陽町四方原字広谷18
828,海部郡海陽町芝字岸ノ上1
829,海部郡海陽町鞆浦字立岩50-12
830,海部郡海陽町大字久保字久保43
831,海部郡海陽町大字宍喰浦字正梶188-23
832,板野郡松茂町笹木野字山東37-1
833,板野郡松茂町中喜来字群恵47-1
834,板野郡松茂町中喜来字前原東7番越19-3
835,板野郡北島町中村字竹ノ下23-1
836,板野郡北島町中村字前田道添11-6
837,板野郡北島町中村字河原11-3
838,板野郡北島町北村字神屋敷4-2
839,板野郡北島町新喜来字南ハリ27-1
840,板野郡北島町高房字百堤外30-4
841,板野郡藍住町奥野字矢上前41-3
842,板野郡藍住町勝瑞字西勝地285
843,板野郡藍住町東中富字龍池傍示44-1
844,板野郡板野町大寺岡の前20
845,板野郡板野町大寺字郡頭27-2
846,板野郡上板町西分字日吉前20-1
847,阿波市吉野町西条岡ノ川原135
848,阿波市吉野町柿原字ヒロナカ256-1
849,阿波市吉野町西条字大野神39-5
850,阿波市土成町吉田字山の神23-1
851,阿波市市場町大野島字稲荷179-1
852,阿波市市場町上喜来字窪二俣1781-3
853,阿波市市場町市場字上野段664
854,阿波市市場町山野上字立石48
855,阿波市阿波町南柴生168
856,阿波市阿波町東整理121-1
857,阿波市阿波町野神93
858,吉野川市鴨島町鴨島乙897-9
859,吉野川市鴨島町麻植塚241-1,242-3
860,吉野川市鴨島町西麻植字中筋186
861,吉野川市鴨島町飯尾550-24
862,吉野川市鴨島町喜来323番地151,152,153
863,吉野川市川島町桑村860
864,吉野川市川島町学字辻74-2
865,吉野川市川島町桑村2666-2
866,吉野川市山川町諏訪266-4
867,吉野川市山川町字町86-1
868,吉野川市山川町字青木80
869,美馬市脇町大字猪尻字西の久保30
870,美馬市脇町岩倉2426-4
871,美馬市脇町字拝原700-1
872,美馬市美馬町字柿木61-1
873,美馬市美馬町字谷尻57-2
874,美馬市穴吹町穴吹字畑中1-1
875,美馬郡つるぎ町半田字田井487-2
876,美馬郡つるぎ町貞光字西山148-1
877,三好市三野町芝生1293-8
878,三好市三野町加茂野宮1378
879,三好市池田町マチ2155-1
880,三好市池田町中西サコダ151
881,三好市池田町シマ799-7
882,三好市池田町ヤマダ668
883,三好市山城町上名454-2
884,三好市山城町政友42番地
885,三好市井川町西井川383
886,三好市東祖谷下瀬202番地3
887,三好市西祖谷山村一宇262-1
888,三好郡東みよし町昼間3025-9
889,三好郡東みよし町昼間1022-1
890,三好郡東みよし町加茂1454-1
891,三好郡東みよし町西庄字戎堂11-1
892,阿南市伊島町伊吹31
893,那賀郡那賀町桜谷字東畑46-1
894,那賀郡那賀町大字坂州字向工155-3
2803,北島町鯛浜字西ノ須81番地1
2804,徳島市山城西4丁目29-1外
2805,徳島市北沖洲1丁目61番地1, 66番地
2806,徳島市万代町6丁目3番
2807,鴨島町西麻植字麻植市56番地の1の1一部他15筆
2808,阿南市向原町天羽畭112外
2809,海南町大里松ノ本28-1
2810,徳島市西新浜町1丁目45番1外
2811,北島町江尻字松ノ本5番1外
2812,徳島市沖浜3丁目4番1ほか
2813,藍住町徳命字元村東100番ほか
2814,小松島市小松島町字若井崎33番ほか
2815,美馬郡脇町字拝原1781-1ほか
2816,板野郡松茂町広島字中ハリ8番ほか
2817,板野郡松茂町笹木野字八北開拓191-2ほか
2818,徳島市問屋町38番地ほか
2819,板野郡藍住町徳命字元村東34−1ほか
2820,美馬市脇町大字猪尻字若宮南112-1
2821,名西郡石井町高川原字天神544番地1
2822,名西郡石井町高川原字天神588番地
2823,徳島市津田本町4丁目451-1
2824,阿南市津乃峰町長浜447−1ほか
2825,板野郡藍住町住吉字千鳥ヶ浜66番5ほか
2826,徳島市大松町榎原外77-11ほか
2827,板野郡藍住町徳命字元村東84番地2ほか
2828,鳴門市大津町矢倉字中ノ越1-3ほか
2829,板野郡北島町鯛浜西ノ須20番2ほか
2830,徳島市中吉野町4丁目2番2ほか
2831,鳴門市撫養町大桑島字寧岩浜14番5ほか
2832,名西郡石井町高北原字高川原918番1ほか
2833,鳴門市撫養町黒崎字松島222番地ほか
2834,吉野川市鴨島町牛島166ほか
2835,阿波市阿波町大道北132番地ほか
2836,三好市池田サラダ1612番地2ほか
2837,板野郡藍住町住吉字千鳥ヶ浜17番1号ほか
2838,小松島市小松島町字若井崎33番ほか
2839,板野郡板野町大寺字平田39
2840,海部郡海陽町大里松の本44番1
2841,板野郡藍住町笠木字西野29-1
2842,徳島市大松町榎原外63−3外
2843,鳴門市大津町吉永字中越206番地1
2844,美馬市脇町大字猪尻字建神社下南106番地1ほか
2845,板野郡松茂町広島字小ハリ25番1ほか
2846,鳴門市里浦町粟津字西開168番1ほか
2847,板野郡松茂町広島字小ハリ25番1ほか
2848,徳島市国分町早淵字久保40番地1
2849,小松島市立江町字青森1-2
2850,板野郡上板町椎本字寺ノ前583番地1
2851,阿南市日開野南居内501-1
2852,吉野川市鴨島町上下島松元442-2番地
2853,板野郡松茂町広島字小ハリ21-3
2854,徳島市国分町井戸字高池窪21-3
2855,板野郡藍住町住吉千鳥ヶ浜37番1
2856,鳴門市大津町吉永字長江の越600-1
2857,阿南市富岡町木松2番の一部
2858,徳島市八万町下福万149-5ほか
2859,板野郡藍住町字奥野83番地1ほか
2860,板野郡北島町鯛浜字原151-1ほか
2861,徳島市住吉6丁目89番1ほか
2862,小松島市大林町字宮ノ本75番1ほか
2863,板野郡北島町江尻字松ノ本5番24ほか
2864,徳島市北佐古1番町108-1ほか
2865,徳島市西須賀町東開46番1ほか
2866,阿波市阿波町大道北132番地ほか
2867,板野郡藍住町笠木字東野55番地
2868,徳島市安宅2丁目235番1外15筆
2869,徳島市福島1丁目10番50号
2870,徳島市住吉5丁目120番ほか
2871,小松島市大林町
2872,鳴門市撫養町立岩字7枚249番地ほか
2873,小松島市日開野町35番11ほか
2874,板野郡板野町犬伏字東11番地3
2875,板野郡藍住町勝瑞字新田1番1ほか
2876,阿南市領家町天神前447番1
2877,美馬市脇町1708番地4ほか
2878,鳴門市大津町吉永436−2ほか
2879,阿南市日開野町西居内421番地ほか
2880,徳島市南二軒屋町3丁目1番地18ほか
2881,板野郡北島町鯛浜字西ノ須22番ほか
2882,鳴門市撫養町南浜字浜田130番地
2883,徳島市国府町桜間字登々路8番1
2884,徳島市応神町西貞方字小島48
2885,徳島市中常三島町3丁目2番2
2886,徳島市蔵本町2丁目30番地1
2887,板野郡上板町佐藤塚字東288番地3
2888,吉野川市山川町前川200番地2
2889,板野郡藍住町矢上字北分64番地3
2890,阿南市見能林町清水山ノ東7-1
2891,板野郡北島町鯛浜字西ノ須１７４
2892,徳島市西大工町5-13-1
2893,鳴門市大津町吉永字前の越274番
2894,徳島県吉野川市鴨島町知恵島７２０−７
2895,徳島市元町1丁目7番地　アベニュー元町ビル4階
2896,阿波市市場町香美字原田299
2897,小松島市立江町字宮前22-1
2898,徳島市川内町沖島68番地の1
2899,鳴門市瀬戸町明神字鳴谷194-5
2900,鳴門市撫養町斎田字大堤52
2901,三好郡東みよし町昼間3075番地の10
2902,三好市池田町州津堂面215
2903,板野郡藍住町奥野字和田117-6
2904,徳島市佐古一番町3の8
2905,三好市井川町井内西5025-1
2906,三好市井川町西井川319-18
2907,吉野川市鴨島町上浦77の4
2908,名西郡石井町石井字石井540番地の3
2909,名西郡石井町石井字石井231-1
2910,徳島市北常三島町1-13-1
2911,徳島市富田橋2丁目4番地
2912,徳島市国府町府中802-1
2913,三好郡東みよし町足代4016-3
2914,徳島市佐古一番町10番2号G2ビル4階
2915,阿南市羽ノ浦町岩脇紫衣池98-5
2916,三好市池田町サラダ1651の2
2917,板野郡北島町高房字勝瑞境13-2
2918,板野郡上板町鍛治屋原字妙楽寺27-3
2919,徳島市佐古一番町7-8
2920,阿南市宝田町川原2
2921,阿南市羽ノ浦町中庄蔵ノホケ36番地
2922,阿南市宝田町川原2　阿南医師会中央病院内
2923,阿南市伊島町瀬戸39番地
2924,阿南市加茂町野上30
2925,阿南市日開野町谷田511-2
2926,小松島市立江町字万代10-5
2927,阿波市土成町土成字南原283-1
2928,徳島市国府町竜王6-29
2929,吉野川市鴨島町上下島105番地
2930,名西郡石井町高川原字南島371
2931,阿南市桑野町中野95-2
2932,小松島市立江町字宮ノ前40番地4
2933,阿波市市場町市場字岸ノ下190番地1
2934,三好市池田町マチ2514の1
2935,吉野川市鴨島町上下島79-1
2936,板野郡上板町椎本字椎ノ宮231の1
2937,徳島市北田宮二丁目3番6号
2938,三好市井川町井内東2808-1
2939,徳島市佐古4番町5-8
2940,阿南市羽ノ浦町中庄上ナカレ15-1
2941,三好市池田町シマ834-1
2942,徳島市西新浜町1-4-1
2943,阿南市津乃峰町長浜376番地
2944,阿南市富岡町南向30-5
2945,名西郡石井町高川原字桜間273-12
2946,徳島市北矢三町3丁目2-53
2947,吉野川市鴨島町内原225番地
2948,吉野川市鴨島町鴨島353
2949,吉野川市鴨島町飯尾187
2950,徳島市大道2丁目35-1
2951,鳴門市大麻町板東字大林31-1
2952,徳島市国府町府中713番地の6
2953,徳島市助任橋1丁目19
2954,海部郡海陽町大里字白水91番地17
2955,板野郡上板町椎本字椎ノ宮314-1
2956,名西郡石井町石井字石井726-7
2957,阿南市富岡町佃町542-1
2958,美馬市脇町大字脇町字中道725-2
2959,徳島市東船場町1-8
2960,徳島市徳島町2丁目54番地
2961,海部郡美波町西由岐字東10の2
2962,徳島市福島2丁目1-3
2963,徳島市応神町西貞方字仁徳31-1
2964,徳島市伊月町6丁目6-1
2965,吉野川市鴨島町鴨島526
2966,吉野川市鴨島町鴨島526
2967,徳島市蔵本町1丁目25番地の5
2968,徳島市中島田町2丁目31-5
2969,阿波市市場町香美字秋葉本86-11
2970,板野郡藍住町笠木字西野50番地の1
2971,板野郡板野町犬伏字大坪65
2972,徳島市南田宮4-3-9
2973,吉野川市鴨島町内原45番地3
2974,阿波市土成町水田字久保田16-1
2975,板野郡松茂町広島字南ノ川49番地12
2976,徳島市八万町下福万67-2
2977,阿南市羽ノ浦町中庄市47-1
2978,徳島市南内町1丁目65番地
2979,美馬市脇町大字脇町163
2980,名西郡石井町石井字石井509-5
2981,吉野川市鴨島町中島495-5
2982,徳島市南昭和町5丁目61
2983,徳島市福島1-3-40
2984,板野郡板野町犬伏字鶴畑39-1
2985,板野郡藍住町徳命字前須東163-1
2986,徳島市新内町1-9
2987,徳島市かちどき橋2-27-1　佐藤ビル2Ｆ
2988,板野郡北島町鯛浜字かや122-1
2989,阿南市見能林町中かうや9-1
2990,三好郡東みよし町加茂1616-1
2991,鳴門市撫養町立岩字七枚86番地
2992,徳島市佐古六番町7番6号
2993,鳴門市撫養町黒崎字八幡113-1
2994,徳島市福島1丁目4番8号
2995,阿波市土成町吉田字原田市の四31
2996,徳島市住吉2丁目1-10グランコート住吉1階
2997,海部郡美波町日和佐浦64-2
2998,阿南市富岡町今福寺47-1
2999,三好郡東みよし町加茂1515番地1
3000,阿南市学原町上水田11番地1
3001,鳴門市撫養町小桑島字西浜19
3002,阿南市日開野町西居内426番地の2
3003,徳島市南矢三町1丁目8
3004,鳴門市撫養町立岩字元地280
3005,徳島市南出来島町1丁目30番地
3006,阿南市桑野町鳥居前9番地の5
3007,阿波市市場町大野島字野神88番地の1
3008,名西郡石井町高原字東高原181-2
3009,三好郡東みよし町昼間3690-3
3010,阿南市羽ノ浦町宮倉太田１番地１
3011,徳島市南昭和町5-52-6
3012,阿南市大潟町30番地
3013,小松島市横須町16番3号
3014,鳴門市撫養町斎田字大堤226番地
3015,鳴門市撫養町大桑島字濘岩浜30番地3
3016,名西郡石井町石井字石井635-29
3017,三好郡東みよし町加茂1803-9
3018,三好市池田町中西ナガウチ254-3
3019,徳島市吉野本町1丁目11
3020,徳島市末広4丁目8番7号
3021,徳島市佐古一番町9-4
3022,徳島市住吉6丁目1番8号
3023,徳島市西大工町1丁目8
3024,徳島市北沖洲2-2-2
3025,小松島市田浦町字神子ノ内47の1
3026,板野郡松茂町広島字南ハリ13
3027,吉野川市鴨島町知恵島1781-6
3028,徳島市川内町鶴島173-5セイワビル5階
3029,徳島市大和町2丁目3番51号
3030,鳴門市鳴門町三ツ石字芙蓉山下５０５
3031,小松島市和田島町字浜??132-3
3032,名西郡石井町石井字白鳥221-6
3033,徳島市北沖洲3丁目1-24
3034,名西郡石井町石井字石井486-1
3035,名西郡石井町石井字石井513-1
3036,名西郡石井町石井字石井1263
3037,徳島市応神町吉成字西吉成91-4
3038,吉野川市鴨島町鴨島252
3039,三好市池田町シマ691
3040,勝浦郡勝浦町大字久国字屋原37番地の2
3041,吉野川市鴨島町上下島384番地1
3042,鳴門市撫養町木津482-15
3043,徳島市八万町大坪99-8
3044,徳島市寺島本町東2丁目19
3045,美馬郡つるぎ町半田字小野146の4
3046,阿波市吉野町西条字町口254
3047,三好郡東みよし町加茂1928-1
3048,阿波市市場町大野島字野神88-3
3049,板野郡藍住町笠木字中野179-5
3050,徳島市大道2-30
3051,阿波市吉野町西条字岡ノ川原22
3052,徳島市寺島本町東3-10
3053,名西郡石井町石井字石井654-5
3054,徳島市佐古四番町6-16
3055,阿波市阿波町南整理198-1
3056,海部郡海陽町大里字松原34-47
3057,板野郡藍住町勝瑞字幸島116-71
3058,徳島市国府町井戸字高池窪43-3
3059,徳島市佐古二番町5-20
3060,美馬市脇町大字脇町1301-1
3061,徳島市南末広町2-62カサレコルソ6号
3062,阿波市市場町上喜来字二俣前381-1
3063,美馬市脇町馬木字銚子場1176-3
3064,徳島市川内町平石住吉317-4
3065,徳島市城東町2丁目2-3
3066,徳島市通町2-14-1
3067,阿波市土成町水田字久保田7番地
3068,阿波市阿波町南整理76-4
3069,徳島市下助任町3丁目34-1
3070,徳島市大道3丁目24
3071,阿波市阿波町南整理76-4
3072,徳島市国府町府中72-1
3073,小松島市小松島町字外開28-3
3074,美馬市脇町野村4152-1
3075,阿波市土成町土成字南原231番地
3076,徳島市沖浜東2丁目2番地 ラスタ-ツインビル2階
3077,小松島市赤石町4-95
3078,徳島市通町2-5-1
3079,徳島市住吉1丁目10の19
3080,徳島市城南町2丁目2-85
3081,鳴門市鳴門町高島字中島1-1
3082,鳴門市大麻町池谷字長田28-1
3083,徳島市南田宮1丁目5番48号
3084,徳島市津田町4丁目1番36号
3085,吉野川市川島町川島709-3
3086,鳴門市撫養町南浜字東浜30-11
3087,鳴門市大津町吉永240-2
3088,美馬市脇町字拝原1496-5
3089,徳島市川内町加賀須野437-3
3090,阿南市津乃峰町長浜392-2
3091,吉野川市鴨島町西麻植字新田5-12
3092,阿南市上中町中原60-7
3093,徳島市藍場町1丁目32番地津田内科ビル2階
3094,阿波市市場町市場字町筋172-1
3095,徳島市南二軒屋町2丁目3番25号
3096,徳島市幸町3-55自治会館1Ｆ
3097,美馬市穴吹町穴吹字井口83-1
3098,美馬市脇町大字猪尻字西分5-2
3099,鳴門市撫養町南浜字東浜421
3100,鳴門市撫養町南浜字東浜716番地
3101,徳島市昭和町7丁目29-1
3102,徳島市城東町1丁目8番8号
3103,徳島市沖浜3丁目65
3104,鳴門市撫養町南浜字蛭子前東58-3
3105,板野郡藍住町徳命字前須西166-1
3106,徳島市名東町1丁目240番1
3107,徳島市蔵本町2-27
3108,名西郡石井町高川原字加茂野318-8
3109,板野郡北島町鯛浜字原51-1
3110,徳島市助任本町2-39-1
3111,那賀郡那賀町大久保字大西３番地２
3112,海部郡海陽町宍喰浦字松原58-5
3113,美馬市美馬町字ナロヲ25
3114,徳島市佐古四番町5-22
3115,海部郡海陽町四方原字広谷16-1
3116,海部郡海陽町宍喰浦字松原142-1
3117,徳島市国府町日開４３８−１
3118,板野郡上板町椎本字椎ノ宮268-1
3119,徳島市南二軒屋町1丁目2番12号
3120,徳島市八万町法花2-4
3121,板野郡藍住町住吉字神蔵158-1
3122,徳島市応神町東貞方字西中須245-1
3123,徳島市上八万町西山695番地
3124,三好市池田町サラダ1733
3125,名西郡石井町高原字関105
3126,阿波市阿波町元町14
3127,美馬郡つるぎ町貞光字町33-1
3128,阿南市富岡町玉??5-1
3129,小松島市日開野町破閑道２４−６
3130,徳島市新蔵町1丁目8-1
3131,阿南市日開野町筒路１９−１４
3132,徳島市寺島本町東2丁目22番地2
3133,板野郡北島町江尻字松堂45-8
3134,阿南市富岡町西石??7-5
3135,吉野川市鴨島町鴨島506
3136,板野郡松茂町笹木野字八上89-1
3137,板野郡板野町中久保字杉ノ本51-1
3138,徳島市佐古五番町11-17
3139,徳島市方上町ハリウ8-3
3140,板野郡北島町高房字勝瑞境10-2
3141,徳島市徳島町城内6-83
3142,海部郡美波町奥河内字本村102
3143,徳島市国府町和田字居内171
3144,鳴門市撫養町斎田字西発77番地10
3145,小松島市松島町7-1
3146,徳島市沖浜１丁目21の2
3147,徳島市中常三島町3-20-1
3148,徳島市仲之町3-38-2
3149,徳島市金沢二丁目2番55号
3150,阿波市土成町吉田字城根木36番地
3151,吉野川市鴨島町牛島字四ツ屋前3271-9
3152,徳島市西須賀町下中須85-5
3153,徳島市幸町3丁目43番地
3154,徳島市北沖洲1丁目14番21号
3155,鳴門市撫養町斎田字岩崎120番地
3156,鳴門市撫養町斎田字大堤54番地
3157,徳島市両国橋5-2
3158,徳島市名東町1丁目117
3159,徳島市二軒屋町3-30-2
3160,徳島市名東町1丁目103番地
3161,徳島市二軒屋町3丁目29-1
3162,板野郡上板町西分字君ノ木7-1
3163,名西郡神山町下分字今井163
3164,徳島市八万町寺山231番地
3165,吉野川市鴨島町飯尾396番地3
3166,吉野川市鴨島町鴨島674-10
3167,吉野川市鴨島町麻植??114-1
3168,吉野川市鴨島町内原432番地
3169,吉野川市鴨島町鴨島156-3
3170,徳島市鮎喰町2-95-1
3171,徳島市川内町旭野198
3172,徳島市北佐古二番町1-15-2
3173,徳島市大道4丁目20
3174,徳島市山城町西浜傍示173-7
3175,徳島市佐古三番町4-18
3176,徳島市北佐古一番町1-39
3177,徳島市かちどき橋1-27
3178,徳島市寺島本町西1-33　第2中筋ビル9階
3179,徳島市八万町下福万128の72
3180,徳島市応神町東貞方字貞光180
3181,徳島市大道3-16
3182,徳島市安宅1丁目4番34号
3183,徳島市山城西3丁目26番
3184,三好郡東みよし町加茂2020
3185,板野郡上板町椎本字椎ノ宮220-1
3186,名西郡石井町高川原字天神712-1
3187,阿波市阿波町勝命227番地3
3188,徳島市八万町大野91-1
3189,名西郡石井町浦庄字上浦154-4
3190,美馬市美馬町字宗重128-1
3191,徳島市国府町芝原字天満16-5
3192,阿南市富岡町北通17-13
3193,阿南市富岡町トノ町81番地1
3194,阿南市新野町南宮ノ久保67-4
3195,阿南市富岡町トノ町54-1
3196,吉野川市川島町三ツ島字一里松126
3197,徳島市佐古二番町10の12
3198,三好市三野町芝生136番地1
3199,板野郡松茂町中喜来字群恵252-6
3200,阿波市市場町市場字上野段135
3201,海部郡牟岐町大字牟岐浦字浜崎12-1
3202,徳島市住吉4丁目5番地の1
3203,徳島市北佐古ニ番町2-15
3204,小松島市坂野町字細野2-1
3205,板野郡北島町中村字東堤ノ内19-1
3206,板野郡北島町中村字上地31-2
3207,板野郡北島町鯛浜字川久保30番地1
3208,鳴門市瀬戸町明神字鳴谷194-10
3209,徳島市東山手町3丁目5番地
3210,徳島市北前川町3丁目17-22-23
3211,三好郡東みよし町西庄字井関１２番地
3212,美馬市美馬町字喜来市2-1
3213,徳島市福島1丁目3番4号
3214,阿南市学原町上水田11-7
3215,小松島市中田町字土持21-28
3216,美馬市美馬町字鍵掛45番地1
3217,徳島市昭和町4-22-8
3218,徳島市南末広町4-70
3219,板野郡藍住町乙瀬字中田65-1
3220,小松島市松島町1-7
3221,吉野川市鴨島町西麻植字絵馬堂61
3222,阿南市福井町湊118-3
3223,名西郡石井町高川原字高川原500-1
3224,徳島市中昭和町2丁目6
3225,徳島市八万町橋本92-1
3226,吉野川市鴨島町西麻植字麻植市40-6
3227,吉野川市鴨島町西麻植字広畑88-1
3228,徳島市銀座33番
3229,徳島市川内町宮島浜104
3230,鳴門市撫養町南浜字東浜271番地
3231,徳島市北常三島町2丁目48-1
3232,名東郡佐那河内村上字中辺80-1
3233,三好市山城町末貞川口761-1
3234,三好市山城町大野466-1
3235,吉野川市鴨島町西麻植字麻植市91-1
3236,吉野川市山川町川田1067
3237,徳島市城南町4-1-5
3238,阿南市日開野町谷田515-12
3239,美馬市穴吹町字九反地1-1
3240,板野郡藍住町奥野字矢上前85-13
3241,三好郡東みよし町昼間148
3242,徳島市入田町春日110番地
3243,阿南市富岡町木松15-5
3244,阿南市新野町東馬場12-1番地
3245,徳島市丈六町長尾88-2
3246,板野郡北島町北村字大黒22番4
3247,徳島市蔵本町1丁目25-7
3248,板野郡松茂町広島字鍬の先22
3249,板野郡松茂町笹木野字八下29番地
3250,徳島市寺島本町西1の61徳島クレメントプラザ3Ｆ
3251,吉野川市鴨島町鴨島597-1
3252,徳島市南内町1丁目64番2
3253,徳島市佐古三番町4-6
3254,鳴門市撫養町黒崎字小谷32番
3255,阿南市津乃峰町新浜12
3256,名西郡石井町高川原字高川原２１５５
3257,徳島市幸町3丁目63
3258,板野郡北島町中村字東開14-1
3259,徳島市北前川町5丁目10
3260,鳴門市撫養町木津732-2
3261,三好市井川町吉岡127-2
3262,阿南市日開野町筒路15-1阿南開発ビル5階
3263,板野郡藍住町笹木字西野33番地10
3264,徳島市東吉野町1丁目39-5
3265,徳島市寺島本町西1丁目10番地
3266,阿南市富岡町今福寺73番地の3
3267,徳島市昭和町4丁目23-1
3268,徳島市東沖洲1丁目1番4マリンピア会館3階
3269,鳴門市撫養町斎田字北浜205
3270,徳島市新浜本町１丁目7-66
3271,徳島市寺島本町西1-15
3272,徳島市国府町早淵字池久保33-5
3273,徳島市国府町府中2番6
3274,徳島市国府町中171番地の4
3275,勝浦郡勝浦町大字棚野字竹国13-2
3276,勝浦郡上勝町大字正木字西浦111-7
3277,勝浦郡上勝町大字福原字川北30-1
3278,海部郡牟岐町大字中村字本村95-1
3279,徳島市応神町古川字戎子野217-1
3280,鳴門市大麻町板東字永井89番地
3281,小松島市金磯町10-19
3282,小松島市田浦町字近里83番11
3283,小松島市日開野町字宮免2-1
3284,板野郡北島町中村字城屋敷19-11
3285,徳島市南田宮4丁目4番44号ラベンダ-ハイツ101号
3286,阿南市津乃峰町東分112-1
3287,阿波市市場町市場字町筋268
3288,板野郡藍住町徳命字前須東13-1
3289,徳島市名東町2丁目586-3
3290,徳島市末広1丁目4番22号
3291,阿波市阿波町勝命230-7
3292,海部郡牟岐町大字中村字本村114-5
3293,吉野川市山川町堤外12-1
3294,三好市井川町辻203-3
3295,吉野川市鴨島町鴨島444-11
3296,阿波市市場町香美字西野神10-1
3297,徳島市富田浜2-12-2
3298,板野郡板野町那東字字楠木２−１
3299,徳島市西新浜町1丁目6番25号
3300,三好市池田町川崎宮ノ前123-1
3301,吉野川市川島町児島字東須賀125番3
3302,徳島市鮎喰町2-114
3303,吉野川市鴨島町鴨島388-18
3304,板野郡北島町中村字宮北裏17-4
3305,徳島市中吉野町3丁目27-1
3306,徳島市佐古二番町8番8号
3307,徳島市伊月町1丁目25-1
3308,美馬市脇町字西赤谷204番地
3309,徳島市佐古一番町5番10号
3310,板野郡藍住町奥野字和田122-6
3311,鳴門市撫養町南浜字東浜628
3312,板野郡藍住町東中富字朏傍示22-7
3313,鳴門市撫養町南浜字東浜424番地
3314,鳴門市大麻町牛屋島字大浜54
3315,徳島市八百屋町２丁目１６
3316,徳島市城南町2丁目8番28号
3317,鳴門市撫養町小桑島字前浜217
3318,徳島市城南町1丁目8-10
3319,徳島市中通町2-11
3320,板野郡北島町中村字寺裏16-22
3321,徳島市国府町井戸字左ヶ池14-2
3322,徳島市出来島本町1丁目36
3323,美馬市脇町字拝原1605番地1
3324,阿波市阿波町南整理158-3
3325,徳島市川内町宮島本浦181番地
3326,鳴門市大津町矢倉字六ノ越70-2
3327,小松島市小松島町字門田22番地の3
3328,鳴門市撫養町立岩字七枚248番地
3329,徳島市富田橋1丁目22-2
3330,名西郡石井町高川原字高川原1417-1
3331,美馬市脇町木ノ内3763番地
3332,吉野川市山川町前川212番地の6
3333,徳島市北沖洲2丁目8番25号
3334,美馬市美馬町字宗重114-1
3335,徳島市一宮町東丁205
3336,名西郡神山町神領字東野間112-2
3337,三好市池田町マチ2170-5
3338,徳島市鮎喰町2丁目106番地の7
3339,鳴門市撫養町斎田字浜端南133番地
3340,海部郡海陽町宍喰浦字正梶188番地48
3341,阿波市阿波町岡地358-2
3342,板野郡上板町瀬部字東井ノ内1113の1
3343,徳島市入田町笠木200-4
3344,美馬市脇町字拝原1344
3345,名西郡石井町石井字白鳥216-6
3346,吉野川市鴨島町麻植??381-6
3347,徳島市幟町2丁目12番地の1
3348,美馬市脇町字拝原1321-2
3349,鳴門市撫養町南浜字東浜265
3350,美馬市脇町字拝原1415の2
3351,徳島市北佐古二番町2-40
3352,鳴門市瀬戸町明神字鳴谷121
3353,板野郡板野町吹田字町南27-2
3354,阿南市上中町南島325-1
3355,徳島市東吉野町１丁目3番地の8
3356,美馬市美馬町字南荒川71番地
3357,三好郡東みよし町加茂2546-4
3358,徳島市上八万町下中筋538-1
3359,阿波市阿波町南整理246-1
3360,徳島市勝占町外敷地16-36
3361,海部郡海陽町久保字板取62番地14
3362,徳島市蔵本町2-45
3363,徳島市北常三島町2丁目10-12
3364,徳島市寺島本町東2丁目22-2
3365,美馬市脇町字拝原1947番2
3366,徳島市大原町千代ケ丸73番地1
3367,徳島市南昭和町6-59-1
3368,吉野川市川島町桑村2555-1
3369,名西郡石井町高川原字加茂野441番地1
3370,徳島市安宅1-10-28
3371,徳島市川内町竹須賀157-6
3372,徳島市徳島町2丁目35
3373,徳島市藍場町2丁目5番地
3374,阿南市那賀川町赤池165-6
3375,鳴門市鳴門町三ツ石字江尻山211
3376,徳島市川内町平石若宮114
3377,阿南市富岡町東新町99番地
3378,阿南市下大野町太平265-2
3379,徳島市応神町吉成字有天50-3
3380,徳島市川内町大松797-4
3381,徳島市佐古四番町6-18
3382,板野郡藍住町奥野字和田71-13
3383,徳島市国府町和田字竹添26番
3384,小松島市大林町字金島57-12
3385,徳島市北佐古一番町5番12号　ＪＡ会館8階
3386,板野郡松茂町広島字南ノ川32-1
3387,徳島市山城西4丁目34
3388,徳島市東山手町1丁目21番地の1
3389,小松島市大林町字高橋55番地
3390,徳島市南田宮三丁目4番11号
3391,徳島市八百屋町3丁目7
3392,吉野川市鴨島町西麻植字麻植市57-2
3393,徳島市新蔵町3丁目59番地
3394,阿波市市場町上喜来字大門886-1
3395,板野郡板野町下庄字栖養22-1
3396,徳島市新浜本町3-4-34
3397,徳島市新浜町3丁目2番地19
3398,徳島市中徳島町2-100
3399,徳島市西須賀町下中須13-2
3400,阿南市福井町大西180-6
3401,阿波市土成町吉田字原田市の一61-4
3402,徳島市佐古一番町5番2号
3403,徳島市南矢三町3-11-23
3404,徳島市福島1-6-58
3405,徳島市城南町三丁目5番22号
3406,徳島市丈六町行正27-1
3407,徳島市北田宮2丁目1-50
3408,徳島市南田宮4-8-16
3409,徳島市佐古四番町6番8-2号
3410,徳島市佐古四番町6-8
3411,板野郡藍住町東中富字直道傍示68番10
3412,徳島市津田本町1-2-26
3413,吉野川市川島町川島405-11
3414,吉野川市川島町川島258-1
3415,徳島市助任本町3丁目20番地
3416,徳島市八万町沖須賀21-1
3417,徳島市佐古八番町4-22
3418,徳島市北常三島町1-18
3419,吉野川市鴨島町喜来374
3420,吉野川市鴨島町敷地14-1
3421,小松島市南小松島町1-32
3422,小松島市南小松島町6-23
3423,阿波市土成町土成字寒方76-2
3424,海部郡海陽町四方原字町西16-1
3425,名西郡石井町藍畑字高畑1311
3426,徳島市通町2丁目17番地
3427,徳島市勝占町下河原32-1
3428,徳島市かちどき橋1丁目60-2
3429,徳島市安宅2-1-10
3430,小松島市南小松島町8-3
3431,徳島市上八万町下中筋90番地1
3432,吉野川市鴨島町上下島78-1
3433,小松島市江田町字大江田44の1
3434,徳島市仲之町4-5
3435,徳島市二軒屋町3丁目33
3436,徳島市北田宮3丁目5-65
3437,阿波市阿波町居屋敷122-1
3438,三好市池田町シマ934の6
3439,三好市山城町大川持583-12
3440,三好市三野町芝生笠代456-6
3441,徳島市城東町2丁目7-61
3442,徳島市城東町2丁目7-9
3443,徳島市万代町４丁目２番地２
3444,小松島市小松島町字井利ノ口104番地
3445,徳島市城東町1丁目197番地
3446,徳島市福島2丁目5の2
3447,徳島市昭和町7丁目37番地
3448,小松島市松島町8-27
3449,徳島市新蔵町3-34-1
3450,徳島市国府町芝原字天満25番1
3451,板野郡松茂町中喜来字前原東三番越16番地3
3452,名西郡石井町浦庄字下浦657-3
3453,徳島市庄町3丁目21-3
3454,板野郡北島町鯛浜字西ノ須34-4フロ-ラルハイツ2
3455,板野郡北島町中村字東堤ノ内30-1
3456,美馬市脇町大字脇町1-1
3457,鳴門市撫養町黒崎字松島96-10
3458,鳴門市撫養町黒崎字松島204番地
3459,徳島市福島2丁目2番8号
3460,徳島市中島田町2-60-4
3461,徳島市国府町観音寺227-1
3462,阿南市羽ノ浦町宮倉前田3-7
3463,吉野川市鴨島町鴨島522番5
3464,板野郡北島町江尻字柳池30-1
3465,鳴門市撫養町黒崎字松島45-63
3466,鳴門市大津町大代99番地の2
3467,徳島市中央通1丁目20番地
3468,徳島市住吉6-1-9
3469,徳島市上八万町西山740
3470,美馬郡つるぎ町貞光字太田西112-1
3471,三好郡東みよし町中庄682-1
3472,阿南市橘町西浜145-3
3473,徳島市佐古五番町9番12号
3474,徳島市新蔵町1丁目32番地
3475,徳島市西大工町1丁目9番地
3476,徳島市佐古五番町4-3
3477,美馬郡つるぎ町半田字松生299-1
3478,海部郡牟岐町大字中村字本村149-9
3479,徳島市城東町２丁目６−３２
3480,板野郡板野町大寺字王子124-3
3481,徳島市下助任町4-17-3
3482,板野郡藍住町東中富字長江傍示22-8
3483,吉野川市鴨島町上下島300番地2
3484,徳島市鷹匠町1丁目37番地
3485,名西郡石井町藍畑字東覚円510
3486,板野郡藍住町勝瑞字東勝地230
3487,徳島市住吉6丁目1番7-3
3488,徳島市寺島本町西２丁目37番地の1
3489,小松島市立江町江ノ上41-5
3490,徳島市中島田町2-6-3
3491,名西郡石井町浦庄字下浦689-1
3492,徳島市中前川町4丁目23-1
3493,徳島市栄町4丁目18
3494,阿南市宝田町川原118番地の1
3495,徳島市八万町橋本92-9
3496,阿南市羽ノ浦町中庄市41-8
3497,徳島市応神町東貞方字北野93番地1
3498,吉野川市山川町建石158
3499,小松島市立江町江の上1-1
3500,鳴門市撫養町斎田字大提129
3501,美馬郡つるぎ町貞光字町77
3502,板野郡松茂町広島字南ノ川42-1
3503,板野郡松茂町広島字北川向四ノ越27-2
3504,美馬郡つるぎ町貞光字中須賀48-2
3505,阿南市福村町北筋7-2
3506,吉野川市山川町翁喜台169-11
3507,板野郡北島町江尻字松堂45-1
3508,板野郡上板町西分字君ノ木22-1
3509,徳島市国府町早淵字北カシヤ５６番地１
3510,阿南市宝田町荒井20番地
3511,徳島市北田宮3丁目1-1
3512,美馬郡つるぎ町貞光字宮下12-4
3513,美馬郡つるぎ町一宇字赤松1322-9
3514,名西郡石井町石井字石井412-1
3515,三好市三野町芝生1087
3516,徳島市新浜本町2丁目2-5
3517,徳島市北矢三町3丁目3番41号
3518,徳島市新浜本町1-7-10
3519,鳴門市撫養町大桑島字北浜71
3520,那賀郡那賀町小浜137番地の1
3521,板野郡北島町中村字上地8-1
3522,小松島市横須町12-48
3523,徳島市津田本町４丁目2番87号
3524,徳島市助任本町4丁目13番地
3525,徳島市藍場町1丁目32番地
3526,鳴門市撫養町黒崎字八幡113-1
3527,吉野川市鴨島町鴨島283
3528,徳島市沖浜東3丁目47-1
3529,板野郡板野町大寺字岡ノ前115番地
3530,阿南市椿町地蔵ケ谷７番地２
3531,徳島市助任橋2丁目30番地ＡＢＥＳＴＡＴＥ2Ｆ
3532,徳島市末広4丁目5-13
3533,鳴門市大麻町檜字東山田57番地の5
3534,板野郡藍住町東中富字龍池傍示54-3
3535,美馬郡つるぎ町半田字中薮234-1
3536,徳島市八万町下福万161-4
3537,名西郡石井町石井字石井434
3538,徳島市北沖洲1丁目13番5号
3539,徳島市津田西町1丁目2番30号
3540,板野郡上板町七条字西栗ノ木13
3541,小松島市小松島町字北浜36-2
3542,徳島市名東町1丁目91番地
3543,徳島市南昭和町4丁目70番地の2
3544,三好郡東みよし町中庄1011の3
3545,徳島市国府町和田字原渕67-1
3546,徳島市北島田町1-160-2
3547,徳島市八万町新貝56-28
3548,徳島市佐古二番町9-16
3549,徳島市昭和町1-16
3550,徳島市北田宮1丁目8番65号
3551,徳島市北田宮1丁目8-65
3552,徳島市南矢三町2丁目1-59
3553,徳島市南田宮4丁目8番56号
3554,徳島市新蔵町3丁目80
3555,徳島市下助任町4-9-1
3556,徳島市元町1-24
3557,徳島市蔵本町1丁目10番地3
3558,海部郡牟岐町大字牟岐浦字出羽島49-18
3559,阿波市阿波町平川原北59-1
3560,海部郡牟岐町大字中村字本村75-1
3561,徳島市蔵本町1丁目10-3
3562,三好市池田町シマ815-2
3563,徳島市下町本丁59番地の1
3564,徳島市北田宮1丁目8番65号
3565,徳島市北常三島町2丁目34番地
3566,徳島市沖浜東2丁目16番地
3567,徳島市寺島本町東1丁目30
3568,小松島市中田町字新開4-1
3569,小松島市小松島町字井利ノ口103番地
3570,徳島市蔵本町2丁目50番地の1
3571,徳島市伊賀町3丁目19番地の2
3572,徳島市西須賀町東開34
3573,徳島市川内町加賀須野419-3
3574,徳島市中島田町4丁目7-7
3575,小松島市中田町字新開48番地
3576,三好市池田町サラダ1766-10
3577,鳴門市撫養町斎田字北浜103
3578,美馬市脇町字拝原1774-6
3579,徳島市一番町3丁目11番地駅前ビル4Ｆ
3580,徳島市八万町下福万139-16
3581,板野郡藍住町東中富字東傍示1-14
3582,徳島市大和町１丁目6-32
3583,阿南市津乃峰町戎山149番地の75
3584,板野郡藍住町矢上字西42-7
3585,吉野川市鴨島町鴨島526-10
3586,徳島市国府町日開973の1
3587,徳島市南田宮1-3-50
3588,海部郡美波町西河内字月輪129-4
3589,徳島市富田橋5丁目22
3590,阿南市羽ノ浦町中庄市2-3
3591,徳島市南二軒屋町3-2-1
3592,徳島市八百屋町2丁目12番地
3593,阿南市羽ノ浦町中庄市49-3
3594,鳴門市瀬戸町明神字下本城197番地の3
3595,徳島市北沖洲2丁目8-44
3596,吉野川市山川町堤外5-17
3597,板野郡藍住町東中富字東傍示1の3
3598,板野郡上板町七条字山神22-1
3599,板野郡板野町大寺字亀山西188-1
3600,徳島市北田宮2-7-72
3601,徳島市国府町府中46-2
3602,徳島市住吉2丁目2-35
3603,阿南市見能林町東石仏2
3604,吉野川市鴨島町敷地1354番地
3605,板野郡板野町大寺字大向北1-1
3606,徳島市南内町3-7
3607,板野郡藍住町奥野字長江口70番地7
3608,徳島市南二軒屋町1丁目2-8
3609,阿南市下大野町渡り上り676-2
3610,美馬市美馬町字柿ノ木17-1
3611,徳島市国府町府中580番地1
3612,板野郡藍住町勝瑞字東勝地95-2
3613,吉野川市山川町村雲57-13
3614,徳島市徳島本町3丁目13
3615,徳島市中洲町1-31
3616,徳島市富田橋1丁目11番地の2
3617,徳島市応神町古川字戎子野97-1
3618,小松島市中田町字新開32-5
3619,勝浦郡勝浦町大字三溪字樫渕71の6
3620,徳島市川内町加賀須野460-5
3621,名西郡神山町神領字西野間23番地1
3622,名西郡石井町石井字石井554-7
3623,那賀郡那賀町木頭字広瀬5-2
3624,那賀郡那賀町木頭北川字下モ伴71
3625,那賀郡那賀町木頭和無田字イワツシ1
3626,那賀郡那賀町大久保字大西3-2
3627,鳴門市大麻町板東字東山田69の1
3628,阿波市市場町山野上字白坂234-1
3629,海部郡牟岐町大字中村字本村54-17
3630,阿波市吉野町柿原字植松81-7
3631,吉野川市山川町川東88の1
3632,阿南市見能林町下かうや12-6
3633,美馬市穴吹町穴吹字李1-1
3634,阿南市椿泊町出島２７番地
3635,那賀郡那賀町和食郷字南川284番地の1
3636,徳島市中吉野町4丁目50-2
3637,板野郡北島町高房字百広花23-1
3638,徳島市南二軒屋町1丁目1番16号
3639,鳴門市大麻町桧字野神ノ北54-5
3640,板野郡藍住町勝瑞字東勝地386番地の3
3641,阿波市吉野町柿原字ノタ原42
3642,板野郡藍住町東中富字長江傍示5-6
3643,徳島市佐古一番町8番7号
3644,徳島市上八万町西山112-163
3645,徳島市南前川町4丁目3番地 ヴィラフェニックス城ノ内2階
3646,美馬郡つるぎ町貞光字町52-2
3647,小松島市前原町字東19-3
3648,徳島市東大工町1-23
3649,美馬市穴吹町穴吹字畑中10番地3
3650,美馬市脇町大字猪尻字東分27-1
3651,美馬市脇町大字猪尻字西分148
3652,美馬市脇町字拝原2576番地
3653,鳴門市大津町段関字西68番地5
3654,鳴門市撫養町小桑島字前浜269
3655,鳴門市瀬戸町堂浦字阿波井57番地
3656,鳴門市鳴門町土佐泊浦字高砂205-29
3657,鳴門市鳴門町土佐泊浦字高砂5
3658,徳島市名東町2丁目11-2
3659,板野郡北島町高房字八丁野東8-1
3660,徳島市国府町南岩延810-1
3661,阿南市富岡町内町170-1
3662,板野郡松茂町笹木野字八下23-17
3663,板野郡北島町鯛浜字川久保193-1
3664,阿波市阿波町南柴生78-1
3665,徳島市元町1-24　アミコビル2Ｆ
3666,徳島市鮎喰町1丁目58番地4
3667,徳島市川内町大松143-14
3668,徳島市西新町２丁目7番地の3
3669,徳島市津田西町2丁目1の19
3670,徳島市津田本町3丁目1-78
3671,阿波市阿波町高垣46-1
3672,徳島市中島田町3丁目60番地1
3673,三好郡東みよし町昼間999-2
3674,徳島市八万町弐丈106番地54
3675,板野郡北島町中村字東堤ノ内17-6
3676,板野郡上板町瀬部76番地の1
3677,徳島市富田橋1丁目27番地
3678,海部郡美波町奥河内字寺前217-3
3679,徳島市新浜町2丁目4-27
3680,徳島市佐古三番町1-13
3681,板野郡上板町鍛冶屋原字妙楽寺15-1
3682,板野郡上板町鍛冶屋原字西北原18
3683,海部郡海陽町奥浦字西分35-1
3684,徳島市富田浜3丁目8
3685,徳島市勝占町惣田9
3686,鳴門市大麻町萩原字西山田１０７−７
3687,徳島市南島田町3丁目55
3688,徳島市富田橋1丁目30番地
3689,鳴門市大津町吉永字4番越471-6
3690,徳島市八万町内浜10-2
3691,徳島市津田本町4丁目3-74-1
3692,徳島市中常三島町3丁目22
3693,徳島市中常三島町3丁目19番地の3
3694,美馬市脇町字拝原1441番地1
3695,板野郡藍住町徳命140-2
3696,徳島市南内町１丁目10-1
3697,徳島市八多町小倉76
3698,徳島市鮎喰町1丁目45-3
3699,徳島市北島田町1丁目46番地の11
3700,阿南市羽ノ浦町宮倉芝生40-11
3701,三好市池田町マチ2443-1
3702,徳島市二軒屋町1-26
3703,阿南市才見町三本松46番地の1
3704,名西郡石井町高川原字天神597-1
3705,徳島市八万町法花谷208-3
3706,徳島市川内町大松８０２−１
3707,鳴門市撫養町斎田字北浜148
3708,板野郡藍住町住吉字藤ノ木128-6
3709,鳴門市撫養町弁財天字ハマ11-68
3710,板野郡藍住町矢上字北分95
3711,徳島市八万町川南58-3
3712,徳島市北矢三町2-2-4
3713,美馬郡つるぎ町貞光字大須賀64-1
3714,美馬市脇町大字脇町340番地
3715,徳島市中吉野町1丁目58−１
3716,阿南市見能林町堤ノ内6-1
3717,徳島市中昭和町2-94
3718,阿波市阿波町谷島158
3719,徳島市大原町東千代ヶ丸19-52
3720,徳島市末広4丁目8-5
3721,鳴門市撫養町斎田字浜端南111
3722,鳴門市瀬戸町明神字鳴谷114番地の7
3723,阿南市桑野町岡元5-1
3724,鳴門市大麻町大谷字中通30
3725,徳島市南前川町4-48
3726,徳島市仲之町2-33
3727,鳴門市大津町矢倉字六ノ越5-9
3728,阿南市富岡町あ石14-1
3729,徳島市南二軒屋町1-2-55
3730,美馬市脇町字拝原2507-2
3731,美馬郡つるぎ町半田字小野145-1
3732,阿南市内原町筒崎5-4
3733,阿波市土成町水田字月成121
3734,徳島市佐古七番町8-1
3735,徳島市南昭和町3丁目50-1
3736,徳島市南二軒屋町石井利1357-2
3737,徳島市吉野本町3丁目22
3738,鳴門市大麻町板東字東山田8番地2
3739,板野郡藍住町東中富字権現傍示51-1
3740,徳島市三軒屋町下分28-2
3741,徳島市秋田町3丁目18番地
3742,徳島市佐古五番町10-7
3743,小松島市松島町5-10
3744,三好市東祖谷京上170-3
3745,徳島市北矢三町3丁目3-20
3746,三好市池田町マチ2518-10
3747,徳島市寺島本町東2-14
3748,海部郡海陽町大里字古畑116-1
3749,徳島市西須賀町下中須85-7
3750,名西郡石井町高川原字南島702-8
3751,徳島市南仲之町1丁目5番地
3752,美馬市穴吹町穴吹字藪の下30-1
3753,板野郡北島町鯛浜字川久保197-1
3754,徳島市八万町内浜15-6
3755,阿南市上中町岡293-1
3756,板野郡板野町羅漢字吉田2-2
3757,海部郡海陽町四方原字町西48-1
3758,海部郡美波町西河内字丹前102番地2
3759,徳島市西二軒屋町2-39-2
3760,板野郡板野町下庄字古杉106-2
3761,板野郡北島町高房字東中道18-10
3762,勝浦郡勝浦町大字棚野字桧岡8-5
3763,板野郡藍住町勝瑞字成長140-5
3764,小松島市和田島町字松田新田195番2
3765,阿波市吉野町西条字中小路15
3766,板野郡板野町西中富字喜多居地81-1
3767,名西郡神山町神領字本野間55-1
3768,鳴門市撫養町立岩字七枚110番地
3769,徳島市南内町1丁目34番地
3770,徳島市南佐古三番町9-3
3771,名西郡石井町石井字石井265-1
3772,小松島市南小松島町7-62
3773,徳島市山城西4丁目7番地2
3774,徳島市仲之町1丁目31番地
3775,徳島市かちどき橋2丁目60
3776,徳島市八万町下福万149-9
3777,徳島市住吉1-4-39
3778,阿南市新野町西馬場3-3
3779,阿南市見能林町築溜1の1
3780,徳島市かちどき橋1-23
3781,徳島市昭和町8丁目66
3782,板野郡北島町鯛浜字大西１５３番６
3783,徳島市津田町4-1-64
3784,徳島市佐古六番町6番27号
3785,徳島市佐古五番町9-17
3786,徳島市昭和町1-21
3787,小松島市坂野町字平田18-2
3788,小松島市坂野町字平田18-4
3789,徳島市新浜本町3丁目6番6号
3790,板野郡北島町鯛浜字西中野99-2
3791,徳島市助任本町4-1
3792,徳島市助任本町4-1
3793,阿南市領家町土倉17番地1
3794,吉野川市鴨島町鴨島406-5
3795,徳島市八万町大坪180番地
3796,徳島市国府町中495-1
3797,美馬市脇町大字猪尻字八幡神社下南130番地3
3798,三好市池田町マチ2526-7
3799,徳島市川内町大松８０２−３
3800,板野郡北島町江尻字松ノ本10-2
3801,海部郡牟岐町大字川長字天神前76
3802,徳島市不動西町1丁目559-5
3803,美馬郡つるぎ町半田字中薮235-3
3804,海部郡海陽町久保字松本119番地4
3805,吉野川市川島町桑村2369-7
3806,徳島市不動本町1丁目251番地
3807,徳島市新町橋2-22
3808,徳島市八万町大野115番地3
3809,小松島市横須町11番53号
3810,阿南市那賀川町赤池178-2
3811,板野郡藍住町矢上字原174-1
3812,徳島市西須賀町下中須13番地の48
3813,板野郡藍住町奥野字西中須９４−１
3814,徳島市大原町東千代ケ丸2-9
3815,三好郡東みよし町中庄28
3816,吉野川市鴨島町鴨島324番地1
3817,三好郡東みよし町中庄974番地4
3818,小松島市小松島町字外開28-16
3819,阿南市内原町長谷64番地1
3820,名西郡石井町石井字石井419-345
3821,徳島市南田宮一丁目３番４８号
3822,阿南市中大野町北傍示483番地1
3823,板野郡松茂町中喜来字前原東四番越7番1
3824,徳島市南矢三町3-1-35
3825,吉野川市山川町宮北38
3826,徳島市南庄町4丁目63番地1
3827,徳島市一番町3-18
3828,徳島市北佐古二番町5番19号
3829,徳島市川内町鶴島162
3830,阿波市阿波町高垣50
3831,吉野川市鴨島町上下島440番地
3832,阿南市津乃峯町東分114-7
3833,吉野川市山川町前川213-58
3834,板野郡藍住町徳命字元村115-1
3835,徳島市下助任町3丁目12-1
3836,美馬市脇町字西赤谷208番地28
3837,美馬市美馬町字沼田75番地
3838,阿南市新野町信里6-1
3839,徳島市西新町４丁目２４−１
3840,海部郡牟岐町大字川長字山戸48番3
3841,三好郡東みよし町加茂1883-4
3842,徳島市幸町3丁目34番地の1
3843,徳島市南内町一丁目４１番地
3844,徳島市一番町1丁目7番地
3845,板野郡北島町中村字東堤ノ内16-1
3846,徳島市川内町榎瀬784-1
3847,徳島市中昭和町4丁目76-11
3848,板野郡藍住町勝瑞字成長59-3第3愛日ハイツ105号
3849,徳島市庄町5丁目7-1
3850,徳島市鮎喰町1丁目15番地10
3851,徳島市国府町中105
3852,徳島市佐古七番町5-1
3853,三好市三野町芝生1027番地
3854,徳島市西須賀町下中須83-15
3855,吉野川市山川町祇園41番5
3856,吉野川市美郷字毛無92-3
3857,徳島市名東町3-3-2
3858,板野郡藍住町勝瑞字西地93-4
3859,阿波市吉野町西条字原市1-1
3860,徳島市南庄町4丁目24-3
3861,徳島市北島田町1丁目45番地2
3862,阿南市富岡町東仲町313-2
3863,徳島市伊月町1丁目53番地
3864,徳島市名東町2-650-35
3865,徳島市北矢三町3丁目3-27　グランドハイツ矢三1Ｆ
3866,徳島市大道4丁目18-1
3867,徳島市津田本町2-4-1
3868,徳島市北田宮2丁目2-17
3869,海部郡美波町阿部306番地の1
3870,海部郡美波町奥河内字井ノ上20番地
3871,海部郡美波町港町字西1番地
3872,小松島市中田町字狭間47番地
3873,美馬市穴吹町穴吹字井口128の2
3874,三好市三野町芝生1242-6
3875,徳島市秋田町3丁目15番地
3876,美馬郡つるぎ町貞光字馬出60-7
3877,美馬市穴吹町口山字調子野499番地9
3878,美馬市木屋平字川井295
3879,徳島市栄町2丁目15
3880,徳島市大原町千代ヶ丸127-1
3881,吉野川市鴨島町上下島497
3882,徳島市中通町3丁目8の1
3883,徳島市中常三島町1-13
3884,徳島市中通町2-18-1
3885,徳島市昭和町8丁目57-3
3886,三好市池田町サラダ1673-1
3887,徳島市名東町2丁目660番地の1
3888,徳島市仲之町2-30
3889,徳島市仲之町2丁目30番地
3890,美馬市脇町字拝原2569-2
3891,三好市池田町マチ2478番地1
3892,板野郡板野町羅漢字前田56番3
3893,徳島市東船場町2-21-2阿波銀住友生命ビル4Ｆ
3894,名西郡石井町石井388-25
3895,阿南市向原町天羽畭85番地3
3896,小松島市大林町字宮ノ本113-1
3897,徳島市蔵本町3丁目26番地
3898,阿南市羽ノ浦町古庄大坪原42番地7
3899,阿南市羽ノ浦町古庄古野神4番地14
3900,徳島市明神町6丁目30-11
3901,徳島市名東町1-276-1
3902,徳島市国府町芝原86-1
3903,三好市三野町芝生1270-30
3904,三好市西祖谷山村一宇368-9
3905,三好市東祖谷京上168番地の6
3906,徳島市中吉野町2-39
3907,名西郡石井町高川原字高川原1618-1
3908,海部郡牟岐町大字中村字山田25-1
3909,徳島市中前川町4丁目12番地
3910,徳島市北田宮1丁目8番65号
3911,阿波市阿波町大原77-5
3912,阿南市那賀川町島尻932-2
3913,鳴門市撫養町斎田字北浜130
3914,板野郡北島町北村字水神原42-1
3915,阿南市那賀川町中島482番地
3916,阿南市羽ノ浦町宮倉太田35-2
3917,徳島市蔵本町1丁目12番地
3918,那賀郡那賀町延野字大原250-12
3919,徳島市鮎喰町2丁目96-3
3920,三好市池田町サラダ1795-1
3921,徳島市福島2丁目2-8
3922,鳴門市撫養町南浜字東浜592
3923,鳴門市撫養町黒崎字松島399-1
3924,徳島市大和町2丁目2-64
3925,名西郡石井町石井字石井238-12
3926,徳島市徳島本町２丁目31
3927,徳島市八万町大野5-1
3928,徳島市寺島本町西2丁目12番地
3929,阿南市学原町大深田27番地の20
3930,板野郡藍住町勝瑞字西勝地86
3931,阿南市富岡町木松6-1
3932,阿波市阿波町北整理39-1
3933,吉野川市鴨島町内原48-1
3934,徳島市山城西4丁目47番地
3935,徳島市国府町和田字居内27番地
3936,徳島市昭和町2-71
3937,板野郡藍住町勝瑞字成長62番地
3938,徳島市津田本町4-2-31
3939,阿南市富岡町あ石16番地1
3940,鳴門市大津町木津野字仲ノ越85-11
3941,吉野川市鴨島町牛島852-6
3942,徳島市論田町大江6番地の1
3943,阿波市阿波町大原93番地の1
3944,吉野川市川島町三ツ島字長塚346-2
3945,鳴門市大津町木津野字仲の越85-10
3946,板野郡藍住町矢上字西160-102
3947,徳島市佐古一番町8-10
3948,阿南市羽ノ浦町宮倉日開元19番地の18
3949,海部郡海陽町奥浦字一宇谷1-15
3950,徳島市昭和町3丁目33-5
3951,名西郡石井町浦庄字下浦368の1
3952,徳島市津田本町4丁目2番5号
3953,徳島市寺島本町東3丁目5-1　プライム5階
3954,徳島市南田宮2丁目7-24
3955,三好郡東みよし町昼間3656
3956,吉野川市山川町堤外21番地の1
3957,徳島市山城町西1丁目182-3
3958,三好市山城町下川545-5
3959,徳島市中通町2丁目31
3960,板野郡藍住町奥野字矢上前53-2
3961,板野郡北島町新喜来字南古田93-3
3962,徳島市国府町早淵字池久保４１−１
3963,板野郡松茂町広島字南の川39-5
3964,名西郡神山町神領字中津63-5
3965,三好市池田町マチ2524-2
3966,板野郡藍住町奥野字乾2-1
3967,小松島市小松島町字井利ノ口104番地
3968,那賀郡那賀町延野字大原204-16
3969,小松島市日開野町119-1
3970,吉野川市山川町天神15-2
3971,小松島市松島町13-32
3972,小松島市中郷町字桜馬場8番地の7
3973,板野郡北島町北村字壱町四反地69-1
3974,勝浦郡勝浦町大字三溪字下川原17-4
3975,徳島市庄町5丁目54番地
3976,板野郡板野町大寺字亀山西142-1
3977,徳島市国府町井戸字前野40
3978,三好郡東みよし町中庄728番地1
3979,阿南市那賀川町中島973-5
3980,徳島市国府町矢野662
3981,徳島市丈六町新居田42-1
3982,徳島市かちどき橋1丁目40番地の1
3983,阿波市吉野町柿原字シノ原62-3
3984,徳島市佐古7番町2-26
3985,徳島市住吉2丁目2-6板東ビル2Ｆ
3986,板野郡松茂町広島字宮ノ後17番地3
3987,阿南市橘町大浦20-1
3988,美馬市脇町字拝原1964
3989,美馬市脇町字拝原1558番地
3990,板野郡松茂町中喜来字群恵278番地の8
3991,徳島市新内町1-18
3992,徳島市国府町日開631-1
3993,徳島市南佐古四番町2-31
3994,阿南市津乃峯町東分68
3995,鳴門市大津町木津野字前の越4番地の1
3996,板野郡北島町中村字中内27番5
3997,名西郡石井町石井字石井203-3
3998,鳴門市大津町吉永字前の越273-3
3999,徳島市佐古三番町7-3
4000,板野郡北島町高房字八丁野西36-13
4001,徳島市沖浜2丁目1番地
4002,徳島市下助任町2丁目12番地
4003,徳島市山城町東浜傍示番外17
4004,徳島市八百屋町3丁目26番地　大同生命徳島ビル4階
4005,徳島市八万町川南56番地の1
4006,徳島市論田町和太開138-9
4007,小松島市赤石町14番27号
4008,徳島市大原町大神子19
4009,吉野川市鴨島町知恵島1774番1
4010,徳島市中徳島町2丁目97-1
4011,徳島市名東町2丁目559-1
4012,徳島市国府町井戸字堂ノ裏54-1
4013,板野郡北島町中村字城屋敷19-13
4014,鳴門市撫養町南浜字東浜601番地
4015,板野郡上板町椎本字中ノ内3番地
4016,徳島市安宅2丁目7-38
4017,美馬市脇町大字脇町316-2
4018,吉野川市鴨島町麻植??386-5
4019,阿南市那賀川町色ケ島大久保67-1
4020,板野郡藍住町矢上字西47番地7
4021,阿南市西路見町元村7-7
4022,鳴門市大麻町大谷字久原75-1
4023,吉野川市鴨島町鴨島346
4024,吉野川市鴨島町鴨島351-4
4025,美馬市脇町字拝原2019-1
4026,那賀郡那賀町和食郷字南川87-1
4027,徳島市富田橋5丁目30番地の2
4028,板野郡松茂町中喜来字群恵153-1
4029,鳴門市撫養町斎田字北浜３６
4030,徳島市吉野本町6丁目16-3
4031,小松島市中田町字土持21-25
4032,板野郡上板町七條字経塚22番地１
4033,徳島市新南福島１丁目3−20
4034,鳴門市撫養町黒崎字松島100番
4035,徳島市沖浜東3丁目２４
4036,吉野川市鴨島町知恵島1049-3
4037,名西郡石井町高川原字天神７２５番地の４
4038,美馬市脇町猪尻字建神社下南３９番２
4039,板野郡板野町大寺字大向北９６番地３
4040,板野郡藍住町東中富字朏傍示１５−１
4041,鳴門市大麻町池谷字大谷50−1
4042,阿南市領家町野上327-1
4043,徳島市沖浜町明治開331-24
4044,鳴門市撫養町立岩字六枚６７−８
4045,徳島市佐古四番町６番１１号
4046,鳴門市大津町吉永字五の越４１８番１
4047,板野郡藍住町矢上字安任175番地5
4048,板野郡藍住町奥野字東中須８８番地の１ゆめタウン徳島２階
4049,板野郡藍住町奥野字東中須８８番地の１ゆめタウン徳島２階
4050,徳島市庄町一丁目２７
4051,鳴門市撫養町北浜あざ宮の西１２０−１
4052,海部郡海陽町大里字松ノ本１６番地１３
4053,三好市山城町上名１５８４番地３−３
4054,徳島市一番町２丁目１３番地オフィスケイズビル２Ｆ
4055,板野郡北島町鯛浜字向９５−１
4056,美馬郡つるぎ町半田字日開野１９８番地１
4057,美馬市脇町野村字大師堂４６３６−１
4058,阿波市阿波町大道北１８１−３
4059,吉野川市川島町川島２４６番地１
4060,徳島市仲之町2丁目８番地２
4061,徳島市沖浜東１丁目３２−３
4062,徳島市佐古2番町5-17　第２豊川ビル２F
4063,美馬市脇町大字猪尻字若宮南139-2
4064,徳島市八万町沖須賀２２番１
4065,徳島市佐古二番町6-9
